Q1. 1) Create the table Member, Books and Issue without any constraints as mentioned in the schema description above.mysql> create table Member    -> ( member_id int,    -> member_name varchar(30),    -> member_address varchar(50),    -> acc_open_date date,    -> membership_type varchar(20),    -> fees_paid int,    -> max_books_allowed int,    -> penalty_amount Decimal(7,2));Query OK, 0 rows affected (0.02 sec)mysql> create table Books    -> ( book_no int,    -> book_name varchar(30),    -> author_name varchar(30),    -> cost decimal(7,2),    -> category char(10));Query OK, 0 rows affected (0.01 sec)mysql> create table Issue    -> ( lib_issue_id int,    -> book_no int,    -> member_id int,    -> issue_date date,    -> return_date date);Query OK, 0 rows affected (0.01 sec)Q. 2) View the structure of the tables.mysql> desc Member;+-------------------+--------------+------+-----+---------+-------+| Field             | Type         | Null | Key | Default | Extra |+-------------------+--------------+------+-----+---------+-------+| member_id         | int(11)      | YES  |     | NULL    |       || member_name       | varchar(30)  | YES  |     | NULL    |       || member_address    | varchar(50)  | YES  |     | NULL    |       || acc_open_date     | date         | YES  |     | NULL    |       || membership_type   | varchar(20)  | YES  |     | NULL    |       || fees_paid         | int(11)      | YES  |     | NULL    |       || max_books_allowed | int(11)      | YES  |     | NULL    |       || penalty_amount    | decimal(7,2) | YES  |     | NULL    |       |+-------------------+--------------+------+-----+---------+-------+8 rows in set (0.03 sec)mysql> desc Books;+-------------+--------------+------+-----+---------+-------+| Field       | Type         | Null | Key | Default | Extra |+-------------+--------------+------+-----+---------+-------+| book_no     | int(11)      | YES  |     | NULL    |       || book_name   | varchar(30)  | YES  |     | NULL    |       || author_name | varchar(30)  | YES  |     | NULL    |       || cost        | decimal(7,2) | YES  |     | NULL    |       || category    | char(10)     | YES  |     | NULL    |       |+-------------+--------------+------+-----+---------+-------+5 rows in set (0.02 sec)mysql> desc Issue;+--------------+---------+------+-----+---------+-------+| Field        | Type    | Null | Key | Default | Extra |+--------------+---------+------+-----+---------+-------+| lib_issue_id | int(11) | YES  |     | NULL    |       || book_no      | int(11) | YES  |     | NULL    |       || member_id    | int(11) | YES  |     | NULL    |       || issue_date   | date    | YES  |     | NULL    |       || return_date  | date    | YES  |     | NULL    |       |+--------------+---------+------+-----+---------+-------+5 rows in set (0.02 sec)Q. 3) Drop the member tablemysql> Drop table Member;Query OK, 0 rows affected (0.02 sec)Q. 4) 4) Create the table Member again as per the schema description with thefollowing constraints.a. Member_Id – Primary Keyb. Membership_type - ‘Lifetime’,’ Annual’, ‘Half Yearly’,’ Quarterly’mysql> create table Member-> (-> member_id int primary key,-> member_name varchar(30),-> member_address varchar(50),-> acc_open_date date,-> membership_type varchar(20) check (membership_type in('Lifetime','Annual','Half Yearly','Quarterly')),-> fees_paid int,-> max_books_allowed int,-> penalty_amount decimal(7,2));Query OK, 0 rows affected (0.02 sec)3Q. 5) Modify the table Member increase the width of the member name to 30characters.mysql> alter table Member-> modify column member_name varchar(30);Query OK, 0 rows affected (0.02 sec)Records: 0  Duplicates: 0  Warnings: 0Q. 6) Add a column named as Reference of Char(30) to Issue table.mysql> alter table Issue-> add column reference char(30);Query OK, 0 rows affected (0.03 sec)Records: 0  Duplicates: 0  Warnings: 0Q. 7)mysql> Alter table Issue    -> drop column reference;Query OK, 0 rows affected (0.03 sec)Records: 0  Duplicates: 0  Warnings: 0Q. 8) mysql> rename table Issue to Lib_Issue;Query OK, 0 rows affected (0.01 sec)Q. 9) mysql> insert into Member(member_id,member_name,member_address,acc_open_date,membership_type,fees_paid,max_books_allowed,penalty_amount) values (1,'Richa Sharma','Pune','2025-12-10','Lifetime',25000,5,50);Query OK, 1 row affected (0.00 sec)mysql> insert into Member(member_id,member_name,member_address,acc_open_date,membership_type,fees_paid,max_books_allowed,penalty_amount) values(2,'Garima Sen','Pune',curdate(),'Annual',1000,3,Null);Query OK, 1 row affected (0.01 sec)Q10.mysql> INSERT INTO Member (->     member_id,->     member_name,->     member_address,->     acc_open_date,->     membership_type,->     fees_paid,->     max_books_allowed,->     penalty_amount-> )-> VALUES-> (3, 'Amit Verma', 'Mumbai', '2025-11-15', 'Annual', 1200, 4, 0.00),-> (4, 'Neha Kulkarni', 'Nagpur', '2025-10-05', 'Quarterly', 500, 2, 10.00),-> (5, 'Rahul Mehta', 'Ahmedabad', '2025-09-20', 'Half Yearly', 800, 3, NULL),-> (6, 'Sneha Iyer', 'Bangalore', '2026-01-01', 'Lifetime', 30000, 6, 0.00),-> (7, 'Karan Singh', 'Delhi', CURDATE(), 'Annual', 1500, 4, NULL);Query OK, 5 rows affected (0.01 sec)Records: 5  Duplicates: 0  Warnings: 0Q11. mysql> alter table member-> modify column member_name char(20);Query OK, 7 rows affected (0.05 sec)Records: 7  Duplicates: 0  Warnings: 0Q12. mysql> insert into member (max_books_allowed) values (110);ERROR 1364 (HY000): Field 'member_id' doesn't have a default valueQ13. mysql> create table member101-> (member_id int primary key,-> member_name varchar(20),-> member_address varchar(20),-> acc_open_date date,-> membership_type varchar(20) check (membership_type in ("Lifetime","Half Yearly","Quarterly","Monthly")),-> fees_paid int,-> max_books_allowed int check (max_books_allowed <100),-> penalty_amount int check(penalty_amount<=1000));Query OK, 0 rows affected (0.01 sec)Q14.mysql> create table member101-> (member_id int primary key,-> member_name varchar(20),-> member_address varchar(20),-> acc_open_date date,-> membership_type varchar(20) check (membership_type in ("Lifetime","Half Yearly","Quarterly","Monthly")),-> fees_paid int,-> max_books_allowed int check (max_books_allowed <100),-> penalty_amount int check(penalty_amount<=1000));Query OK, 0 rows affected (0.01 sec)Q 15. mysql> Drop table books;Query OK, 0 rows affected (0.01 sec)Q16. mysql>  create table books-> ( book_no int primary key,-> book_name varchar(20) not null,-> category varchar(10) check (category in('System','Fiction','Database','RDBMS','Others')));Query OK, 0 rows affected (0.01 sec)Q17 mysql> insert into books-> (book_no,book_name,author,cost,category) values(102,'Oracle-complete ref','Loni',550,'Database'),-> (103,'Mastering SQL','Loni',250,'Database'),-> (104,'PL SQL-Ref','Scott',750,'Database');Query OK, 3 rows affected (0.00 sec)Records: 3  Duplicates: 0  Warnings: 0Q18 mysql> insert into books-> (book_no,book_name,category,author,cost) values(105,'The Alchemist','Fiction','Paulo Coelho',300),-> (106,'Harry Potter','Fiction','J K Rowling',500),-> (107,'Unix Internals','System','Brian Kernighan',600);Query OK, 3 rows affected (0.01 sec)Records: 3  Duplicates: 0  Warnings: 0Q19) mysql> select * from books;+---------+---------------------+----------+-----------------+------+| book_no | book_name           | category | author          | cost |+---------+---------------------+----------+-----------------+------+|     101 | Let us C            | System   | Dennis Ritchie  |  450 ||     102 | Oracle-complete ref | Database | Loni            |  550 ||     103 | Mastering SQL       | Database | Loni            |  250 ||     104 | PL SQL-Ref          | Database | Scott           |  750 ||     105 | The Alchemist       | Fiction  | Paulo Coelho    |  300 ||     106 | Harry Potter        | Fiction  | J K Rowling     |  500 ||     107 | Unix Internals      | System   | Brian Kernighan |  600 |+---------+---------------------+----------+-----------------+------+Q20 . mysql> insert into books (book_no,book_name,category,author,cost) values(108,'National Geographic','science','Adis Scott',1000);Query OK, 1 row affected (0.01 sec)Q21. mysql> rename table lib_issue to issue;Query OK, 0 rows affected (0.01 sec)Q22 . mysql> drop table issue;Query OK, 0 rows affected (0.01 sec)Q23.mysql> create table Issue-> (lib_issue_id int primary key,-> book_no int,-> member_id int,-> issue_date date,-> return_Date date,-> foreign key (book_no) references books(book_no),-> foreign key (member_id) references member(member_id));Query OK, 0 rows affected (0.02 sec)mysql>Q24. mysql> insert into issue (lib_issue_id,book_no,member_id,issue_date)values(7001,101,1,'2006-12-10'),-> (7002,102,2,'2006-12-25'),-> (7003,104,1,'2006-01-15'),-> (7004,101,1,'2006-07-04'),-> (7005,104,2,'2006-11-15'),-> (7006,101,3,'2006-02-18');Query OK, 6 rows affected (0.00 sec)Records: 6  Duplicates: 0  Warnings: 0Q25 ysql> alter table issue-> drop primary key;Query OK, 6 rows affected (0.02 sec)Records: 6  Duplicates: 0  Warnings: 0mysql> alter table issue-> drop foreign key issue_ibfk_1;Query OK, 6 rows affected (0.02 sec)Records: 6  Duplicates: 0  Warnings: 0mysql> alter table issue-> drop foreign key issue_ibfk_2;Query OK, 6 rows affected (0.02 sec)Records: 6  Duplicates: 0  Warnings: 0Q26 mysql> insert into issue (lib_issue_id,book_no,member_id,issue_date,return_date) values (7007,102,8,curdate(),null);Query OK, 1 row affected (0.01 sec)Q27. mysql> alter table issue    -> add constraint fk_issue_book_1    -> foreign key (member_id)    -> references member(member_id);ERROR 1452 (23000): Cannot add or update a child row: a foreign key constraint fails (`septjp25`.`#sql-1274_4`, CONSTRAINT `fk_issue_book_1` FOREIGN KEY (`member_id`) REFERENCES `member` (`member_id`))Q28 . mysql> delete from issue where lib_issue_id=7007;Query OK, 1 row affected (0.01 sec)Q29. mysql> delete from member where member_id=1;ERROR 1451 (23000): Cannot delete or update a parent row: a foreign key constraint fails (`septjp25`.`issue`, CONSTRAINT `fk_issue_book_1` FOREIGN KEY (`member_id`) REFERENCES `member` (`member_id`))Q30.View the data and structure of all the three tables Member, Issue, Book. mysql> desc member;+-------------------+--------------+------+-----+---------+-------+| Field             | Type         | Null | Key | Default | Extra |+-------------------+--------------+------+-----+---------+-------+| member_id         | int(11)      | NO   | PRI | NULL    |       || member_name       | char(20)     | YES  |     | NULL    |       || member_address    | varchar(50)  | YES  |     | NULL    |       || acc_open_date     | date         | YES  |     | NULL    |       || membership_type   | varchar(20)  | YES  |     | NULL    |       || fees_paid         | int(11)      | YES  |     | NULL    |       || max_books_allowed | int(11)      | YES  |     | NULL    |       || penalty_amount    | decimal(7,2) | YES  |     | NULL    |       |+-------------------+--------------+------+-----+---------+-------+8 rows in set (0.05 sec)mysql> select * from member;+-----------+---------------+----------------+---------------+-----------------+-----------+-------------------+----------------+| member_id | member_name   | member_address | acc_open_date | membership_type | fees_paid | max_books_allowed | penalty_amount |+-----------+---------------+----------------+---------------+-----------------+-----------+-------------------+----------------+|         1 | Richa Sharma  | Pune           | 2025-12-10    | Lifetime        |     25000 |                 5 |          50.00 ||         2 | Garima Sen    | Pune           | 2026-01-20    | Annual          |      1000 |                 3 |           NULL ||         3 | Amit Verma    | Mumbai         | 2025-11-15    | Annual          |      1200 |                 4 |           0.00 ||         4 | Neha Kulkarni | Nagpur         | 2025-10-05    | Quarterly       |       500 |                 2 |          10.00 ||         5 | Rahul Mehta   | Ahmedabad      | 2025-09-20    | Half Yearly     |       800 |                 3 |           NULL ||         6 | Sneha Iyer    | Bangalore      | 2026-01-01    | Lifetime        |     30000 |                 6 |           0.00 ||         7 | Karan Singh   | Delhi          | 2026-01-20    | Annual          |      1500 |                 4 |           NULL |+-----------+---------------+----------------+---------------+-----------------+-----------+-------------------+----------------+7 rows in set (0.00 sec)mysql> desc books;+-----------+-------------+------+-----+---------+-------+| Field     | Type        | Null | Key | Default | Extra |+-----------+-------------+------+-----+---------+-------+| book_no   | int(11)     | NO   | PRI | NULL    |       || book_name | varchar(20) | NO   |     | NULL    |       || category  | varchar(10) | YES  |     | NULL    |       || author    | varchar(20) | YES  |     | NULL    |       || cost      | int(11)     | YES  |     | NULL    |       |+-----------+-------------+------+-----+---------+-------+5 rows in set (0.06 sec)mysql> select * from books;+---------+---------------------+----------+-----------------+------+| book_no | book_name           | category | author          | cost |+---------+---------------------+----------+-----------------+------+|     101 | Let us C            | System   | Dennis Ritchie  |  450 ||     102 | Oracle-complete ref | Database | Loni            |  550 ||     103 | Mastering SQL       | Database | Loni            |  250 ||     104 | PL SQL-Ref          | Database | Scott           |  750 ||     105 | The Alchemist       | Fiction  | Paulo Coelho    |  300 ||     106 | Harry Potter        | Fiction  | J K Rowling     |  500 ||     107 | Unix Internals      | System   | Brian Kernighan |  600 ||     108 | National Geographic | science  | Adis Scott      | 1000 |+---------+---------------------+----------+-----------------+------+8 rows in set (0.00 sec)mysql> desc issue;+--------------+---------+------+-----+---------+-------+| Field        | Type    | Null | Key | Default | Extra |+--------------+---------+------+-----+---------+-------+| lib_issue_id | int(11) | NO   | PRI | NULL    |       || book_no      | int(11) | YES  | MUL | NULL    |       || member_id    | int(11) | YES  | MUL | NULL    |       || issue_date   | date    | YES  |     | NULL    |       || return_Date  | date    | YES  |     | NULL    |       |+--------------+---------+------+-----+---------+-------+5 rows in set (0.05 sec)mysql> select * from issue;+--------------+---------+-----------+------------+-------------+| lib_issue_id | book_no | member_id | issue_date | return_Date |+--------------+---------+-----------+------------+-------------+|         7001 |     101 |         1 | 2006-12-10 | NULL        ||         7002 |     102 |         2 | 2006-12-25 | NULL        ||         7003 |     104 |         1 | 2006-01-15 | NULL        ||         7004 |     101 |         1 | 2006-07-04 | NULL        ||         7005 |     104 |         2 | 2006-11-15 | NULL        ||         7006 |     101 |         3 | 2006-02-18 | NULL        |+--------------+---------+-----------+------------+-------------+6 rows in set (0.00 sec)31) Modify the Return_Date of 7004,7005 to 15 days after the Issue_date.mysql> update issue    -> set return_date=date_add(issue_date,interval 15 day)    -> where lib_issue_id in (7004,7005);Query OK, 2 rows affected (0.00 sec)Rows matched: 2  Changed: 2  Warnings: 032 ) Remove all the records from Issue table where member_ID is 1 and Issue date in before 10-Dec-06.mysql> delete from issue    -> where member_id=1    -> and issue_date < '2006-12-10';Query OK, 2 rows affected (0.01 sec)33) Remove all the records from Book table with category other than RDBMS and Database.mysql> delete from books    -> where category not in ('RDBMS','Database');34 ) Remove the table Member.mysql> drop table member;Query OK, 0 rows affected (0.01 sec)35) Remove the table Book.mysql> drop table books;Query OK, 0 rows affected (0.00 sec)